person_id,name,total_works,target_score,predicted_score,max_neighbor_pr,leverage_ratio,pagerank,genre_labels,oceanus_share,total_works_eval,score
16140,Guiying Gong,1,0.0,2.356753,9.56590490308388e-05,2.4085917028175294,3.9714759594678694e-05,Oceanus Folk,1.0000,1,2.356753
16139,Tao Xue,1,0.0,2.3576536,9.56590490308388e-05,2.4085917028175294,3.9714759594678694e-05,Oceanus Folk,1.0000,1,2.3576536
16138,Ming Deng,1,0.0,2.356753,9.56590490308388e-05,2.4085917028175294,3.9714759594678694e-05,Oceanus Folk,1.0000,1,2.356753
